admin_reg;id (adminbounds_data_total.csv)
Кировский;0
Октябрьский;1
Октябрьский;2
Октябрьский;3
Куйбышевский;4
Куйбышевский;5
Кировский;6
Октябрьский;7
Октябрьский;8
Октябрьский;9
Кировский;10
Октябрьский;11
Кировский;12
Кировский;13
Свердловский;14
Октябрьский;15
Кировский;16
Кировский;17
Свердловский;18
Кировский;19
Кировский;20
Кировский;21
Октябрьский;22
Кировский;23
Кировский;24
Октябрьский;25
Октябрьский;26
Кировский;27
Октябрьский;28
Октябрьский;29
Октябрьский;30
Свердловский;31
Свердловский;32
Октябрьский;33
Октябрьский;34
Октябрьский;35
Октябрьский;36
Октябрьский;37
Октябрьский;38
за городом;39
Куйбышевский;40
Кировский;41
Кировский;42
Куйбышевский;43
Кировский;44
Кировский;45
Куйбышевский;46
Куйбышевский;47
Кировский;48
Октябрьский;49
Куйбышевский;50
Кировский;51
Кировский;52
Куйбышевский;53
Куйбышевский;54
Кировский;55
Свердловский;56
Куйбышевский;57
Кировский;58
Октябрьский;59
Кировский;60
Свердловский;61
Октябрьский;62
за городом;63
Куйбышевский;64
Октябрьский;65
Октябрьский;66
Куйбышевский;67
Кировский;68
Октябрьский;69
Октябрьский;70
Свердловский;71
Октябрьский;72
Свердловский;73
Кировский;74
Ленинский;75
Кировский;76
Кировский;77
Кировский;78
Кировский;79
Октябрьский;80
Кировский;81
Кировский;82
Свердловский;83
Кировский;84
Свердловский;85
Кировский;86
Кировский;87
Кировский;88
Кировский;89
Кировский;90
Кировский;91
Кировский;92
Октябрьский;93
Кировский;94
Октябрьский;95
Свердловский;96
Октябрьский;97
Куйбышевский;98
Куйбышевский;99
Октябрьский;100
Свердловский;101
Кировский;102
Свердловский;103
Куйбышевский;104
Кировский;105
Октябрьский;106
Кировский;107
Свердловский;108
Октябрьский;109
Кировский;110
Кировский;111
Октябрьский;112
Кировский;113
Кировский;114
Свердловский;115
Ленинский;116
Свердловский;117
Октябрьский;118
Свердловский;119
Кировский;120
Октябрьский;121
Кировский;122
Свердловский;123
Кировский;124
Куйбышевский;125
Ленинский;126
Кировский;127
Октябрьский;128
Ленинский;129
Свердловский;130
Ленинский;131
Свердловский;132
Ленинский;133
Свердловский;134
Свердловский;135
Свердловский;136
Кировский;137
Свердловский;138
Кировский;139
Свердловский;140
Кировский;141
Свердловский;142
Октябрьский;143
Октябрьский;144
Октябрьский;145
Кировский;146
Кировский;147
Октябрьский;148
Октябрьский;149
Кировский;150
Куйбышевский;151
Кировский;152
Кировский;153
Кировский;154
Куйбышевский;155
Куйбышевский;156
Куйбышевский;157
Куйбышевский;158
Свердловский;159
Куйбышевский;160
Кировский;161
Куйбышевский;162
Кировский;163
Кировский;164
Кировский;165
Кировский;166
Октябрьский;167
Кировский;168
Куйбышевский;169
Кировский;170
Свердловский;171
Куйбышевский;172
Свердловский;173
Кировский;174
Октябрьский;175
Кировский;176
Свердловский;177
Свердловский;178
Кировский;179
Кировский;180
Кировский;181
Кировский;182
Кировский;183
Кировский;184
Куйбышевский;185
Октябрьский;186
Октябрьский;187
Октябрьский;188
Кировский;189
Куйбышевский;190
Кировский;191
Кировский;192
Свердловский;193
Свердловский;194
Кировский;195
Октябрьский;196
Кировский;197
Кировский;198
Кировский;199
Кировский;200
Кировский;201
Октябрьский;202
Октябрьский;203
Кировский;204
Кировский;205
Октябрьский;206
Кировский;207
Октябрьский;208
Кировский;209
за городом;210
Кировский;211
Куйбышевский;212
Кировский;213
Кировский;214
Куйбышевский;215
Кировский;216
Кировский;217
Свердловский;218
Кировский;867
Ленинский;219
Кировский;220
Кировский;221
Кировский;222
Ленинский;223
Кировский;224
Кировский;225
Октябрьский;226
Октябрьский;227
Октябрьский;228
Кировский;229
Кировский;230
Кировский;231
Ленинский;232
Кировский;233
Кировский;234
Кировский;235
Кировский;236
Кировский;237
Кировский;238
Кировский;239
Свердловский;240
Кировский;241
Свердловский;242
Октябрьский;243
Кировский;244
Кировский;245
Ленинский;246
Кировский;247
Ленинский;248
Ленинский;249
Ленинский;250
Октябрьский;251
за городом;252
Куйбышевский;253
Ленинский;254
Куйбышевский;255
Куйбышевский;256
Свердловский;257
Свердловский;258
Кировский;259
Куйбышевский;260
Кировский;261
Кировский;262
Октябрьский;263
Октябрьский;264
Кировский;265
Кировский;266
Куйбышевский;267
Кировский;268
Октябрьский;269
Кировский;270
Кировский;271
Кировский;272
Октябрьский;273
Кировский;274
Куйбышевский;275
Кировский;276
Кировский;277
Кировский;278
Кировский;279
Кировский;280
Кировский;281
Кировский;282
Октябрьский;283
Куйбышевский;284
Ленинский;285
Октябрьский;286
Кировский;287
Куйбышевский;288
Кировский;289
Куйбышевский;290
Свердловский;291
Ленинский;292
Октябрьский;293
Кировский;294
Кировский;295
Кировский;296
Кировский;297
Куйбышевский;298
Октябрьский;299
Кировский;300
Ленинский;301
Кировский;302
Кировский;303
Октябрьский;304
Кировский;305
Октябрьский;306
Куйбышевский;307
Кировский;308
Кировский;309
Кировский;310
Октябрьский;311
Куйбышевский;312
Куйбышевский;313
Куйбышевский;314
Ленинский;315
Кировский;316
Ленинский;317
Кировский;318
Куйбышевский;319
Кировский;320
Октябрьский;321
Ленинский;322
Октябрьский;323
Октябрьский;324
Свердловский;325
Кировский;326
Свердловский;327
Куйбышевский;328
Свердловский;329
Ленинский;330
Кировский;331
Кировский;332
Кировский;882
Октябрьский;333
Куйбышевский;334
Октябрьский;335
Ленинский;336
Кировский;337
Кировский;338
Свердловский;339
Свердловский;340
Октябрьский;341
Кировский;342
Ленинский;343
Октябрьский;344
Октябрьский;345
Кировский;346
Куйбышевский;347
Кировский;348
Октябрьский;349
Кировский;350
Октябрьский;351
Октябрьский;352
Куйбышевский;353
Кировский;354
Куйбышевский;355
Кировский;356
Ленинский;357
Свердловский;358
Куйбышевский;359
Кировский;868
Свердловский;360
Куйбышевский;361
Октябрьский;362
Октябрьский;363
Октябрьский;364
Куйбышевский;365
Куйбышевский;366
Октябрьский;367
Кировский;368
Куйбышевский;369
Ленинский;370
Ленинский;371
Кировский;372
Ленинский;373
Октябрьский;374
Октябрьский;375
Куйбышевский;376
Свердловский;377
Куйбышевский;378
Ленинский;379
за городом;380
Куйбышевский;381
Ленинский;382
Ленинский;383
Свердловский;384
Куйбышевский;385
Ленинский;386
Ленинский;387
Куйбышевский;388
Октябрьский;389
Ленинский;390
Свердловский;391
Свердловский;392
Свердловский;869
Октябрьский;393
Октябрьский;394
Свердловский;395
Ленинский;396
Октябрьский;397
Ленинский;398
за городом;399
Кировский;400
Куйбышевский;401
за городом;402
Кировский;403
Куйбышевский;404
Кировский;405
Кировский;406
Куйбышевский;407
Кировский;408
Свердловский;409
Куйбышевский;410
Кировский;411
за городом;412
Свердловский;413
Ленинский;414
за городом;415
Куйбышевский;416
Кировский;417
Кировский;418
Октябрьский;870
Ленинский;419
Кировский;420
Кировский;421
Октябрьский;422
Кировский;423
Свердловский;424
Ленинский;425
Кировский;426
Свердловский;871
Кировский;427
Кировский;428
Кировский;429
Кировский;430
Свердловский;431
Кировский;432
за городом;433
Куйбышевский;434
Ленинский;435
Ленинский;436
Кировский;437
Ленинский;438
Ленинский;439
Октябрьский;440
Ленинский;441
Октябрьский;442
Кировский;443
Октябрьский;444
Кировский;872
Кировский;445
Куйбышевский;446
Свердловский;447
Октябрьский;448
за городом;449
Свердловский;450
Свердловский;451
Куйбышевский;452
Кировский;453
Куйбышевский;454
за городом;455
Ленинский;456
Свердловский;457
Ленинский;458
Кировский;459
Ленинский;460
Куйбышевский;873
за городом;461
за городом;462
Куйбышевский;463
Ленинский;464
за городом;465
Куйбышевский;466
Ленинский;467
Куйбышевский;468
за городом;469
за городом;874
за городом;470
за городом;471
за городом;472
Ленинский;473
Куйбышевский;474
Ленинский;475
Куйбышевский;476
за городом;477
Свердловский;478
Свердловский;479
Куйбышевский;480
Октябрьский;481
Свердловский;482
Октябрьский;483
Свердловский;484
Свердловский;485
Свердловский;486
Ленинский;487
Свердловский;488
Куйбышевский;489
за городом;490
за городом;491
Свердловский;492
Куйбышевский;493
Октябрьский;494
Кировский;495
Куйбышевский;496
Свердловский;497
Кировский;498
Куйбышевский;499
Октябрьский;500
Куйбышевский;501
Куйбышевский;502
Октябрьский;503
Куйбышевский;504
Октябрьский;505
Свердловский;506
Ленинский;507
Кировский;508
Ленинский;509
Куйбышевский;510
Куйбышевский;511
Октябрьский;512
Свердловский;513
Куйбышевский;514
за городом;515
Куйбышевский;516
Куйбышевский;517
за городом;518
за городом;519
за городом;875
Кировский;520
Кировский;521
Куйбышевский;522
Кировский;523
за городом;524
Свердловский;525
Ленинский;876
Октябрьский;526
Октябрьский;527
Свердловский;528
Кировский;529
Куйбышевский;530
Свердловский;531
Октябрьский;532
Кировский;533
Кировский;534
Октябрьский;535
Кировский;536
Кировский;537
Октябрьский;538
Свердловский;539
Октябрьский;540
за городом;541
Октябрьский;542
Куйбышевский;543
Октябрьский;544
Куйбышевский;545
Октябрьский;546
Октябрьский;547
Свердловский;548
Кировский;549
Кировский;550
Ленинский;551
Свердловский;552
Свердловский;553
Октябрьский;554
за городом;555
Свердловский;556
Куйбышевский;557
Куйбышевский;558
Свердловский;559
Куйбышевский;560
Свердловский;561
Октябрьский;562
Свердловский;563
Свердловский;564
Октябрьский;565
Кировский;566
Октябрьский;567
Куйбышевский;877
Свердловский;568
Куйбышевский;569
Октябрьский;570
Ленинский;571
за городом;572
Свердловский;573
за городом;574
Октябрьский;575
Октябрьский;576
Куйбышевский;577
Кировский;578
Кировский;579
Куйбышевский;580
Октябрьский;581
Октябрьский;582
Кировский;583
Куйбышевский;584
Кировский;585
Кировский;878
Октябрьский;586
Ленинский;587
Свердловский;588
Кировский;589
Ленинский;590
Кировский;591
Кировский;592
Октябрьский;593
Кировский;594
Октябрьский;595
за городом;596
за городом;597
за городом;598
за городом;599
за городом;600
за городом;601
за городом;602
за городом;603
за городом;604
за городом;605
за городом;606
Кировский;607
Кировский;608
Куйбышевский;609
Октябрьский;610
Куйбышевский;611
Кировский;612
Кировский;613
Кировский;614
Кировский;615
Кировский;616
Кировский;617
Кировский;618
Кировский;619
Кировский;620
Куйбышевский;879
Куйбышевский;621
Октябрьский;622
Кировский;623
Куйбышевский;624
Свердловский;625
Октябрьский;626
Свердловский;627
Октябрьский;880
Ленинский;628
Ленинский;629
Свердловский;630
Свердловский;631
Ленинский;632
Свердловский;633
Ленинский;634
за городом;635
Свердловский;636
Кировский;881
Свердловский;637
за городом;638
за городом;639
Кировский;640
Кировский;641
Свердловский;642
Кировский;643
Октябрьский;644
Октябрьский;645
Свердловский;646
Кировский;647
Октябрьский;648
Октябрьский;649
Октябрьский;650
Кировский;651
Октябрьский;652
Октябрьский;653
Октябрьский;654
Кировский;655
Кировский;656
Кировский;657
Куйбышевский;658
Кировский;659
Кировский;660
Октябрьский;661
Октябрьский;662
Свердловский;663
Кировский;664
Октябрьский;665
Кировский;666
Октябрьский;667
Кировский;668
Октябрьский;669
Октябрьский;670
Октябрьский;671
Свердловский;672
Кировский;673
Кировский;674
Кировский;675
Октябрьский;676
Свердловский;677
Кировский;678
Октябрьский;679
Октябрьский;680
Октябрьский;681
Октябрьский;682
Кировский;683
Октябрьский;684
Октябрьский;685
Кировский;686
Октябрьский;687
Октябрьский;688
Кировский;689
Свердловский;690
Октябрьский;691
Октябрьский;692
Октябрьский;693
Октябрьский;694
Свердловский;695
Октябрьский;696
Октябрьский;697
Октябрьский;698
Октябрьский;699
Октябрьский;700
Свердловский;701
Куйбышевский;702
Октябрьский;703
Октябрьский;704
Кировский;705
Кировский;706
Кировский;707
Октябрьский;708
Кировский;709
Октябрьский;710
Октябрьский;711
Октябрьский;712
Октябрьский;713
Октябрьский;714
Октябрьский;715
Кировский;716
Октябрьский;717
Октябрьский;718
Ленинский;719
Октябрьский;720
Октябрьский;721
Куйбышевский;722
Октябрьский;723
Кировский;724
Октябрьский;725
Ленинский;726
Куйбышевский;727
Кировский;728
Октябрьский;729
Октябрьский;730
Кировский;731
Кировский;732
Куйбышевский;733
Свердловский;734
Октябрьский;735
Октябрьский;736
Кировский;737
Октябрьский;738
Октябрьский;739
Кировский;740
Октябрьский;741
Октябрьский;742
Октябрьский;743
Октябрьский;744
Свердловский;745
Октябрьский;746
Куйбышевский;747
Куйбышевский;748
Свердловский;749
Октябрьский;750
Кировский;751
Октябрьский;752
Кировский;753
Ленинский;754
Кировский;755
Свердловский;756
Кировский;757
Октябрьский;758
Октябрьский;759
за городом;760
Октябрьский;761
Октябрьский;762
Кировский;763
Кировский;764
Ленинский;765
Октябрьский;766
Кировский;767
Кировский;768
Свердловский;769
Кировский;770
Октябрьский;771
Свердловский;772
Октябрьский;773
Кировский;774
Октябрьский;775
Октябрьский;776
Кировский;777
Октябрьский;778
Октябрьский;779
Куйбышевский;780
Октябрьский;781
Октябрьский;782
Октябрьский;783
Кировский;784
Свердловский;785
Свердловский;786
Кировский;787
Кировский;788
Свердловский;789
Октябрьский;790
Куйбышевский;791
Октябрьский;792
за городом;793
Свердловский;794
Ленинский;795
Кировский;796
Октябрьский;797
Октябрьский;798
Кировский;799
Октябрьский;800
Кировский;801
Свердловский;802
Октябрьский;803
Октябрьский;804
Октябрьский;805
Октябрьский;806
Свердловский;807
Кировский;808
Октябрьский;809
Куйбышевский;810
Свердловский;811
Ленинский;812
Свердловский;813
Куйбышевский;814
Куйбышевский;815
Свердловский;816
Кировский;817
Октябрьский;818
Куйбышевский;819
Свердловский;820
за городом;821
Октябрьский;822
Октябрьский;823
Свердловский;824
за городом;825
Октябрьский;826
Свердловский;827
Октябрьский;828
Октябрьский;829
Октябрьский;830
Кировский;831
Ленинский;832
Октябрьский;833
Октябрьский;834
Октябрьский;835
Куйбышевский;836
Ленинский;837
Октябрьский;838
Октябрьский;839
Куйбышевский;840
Куйбышевский;841
Кировский;842
Кировский;843
Кировский;844
Свердловский;845
Кировский;846
за городом;847
Кировский;848
Свердловский;849
Кировский;850
Октябрьский;851
Кировский;852
Кировский;853
Кировский;854
Куйбышевский;855
Куйбышевский;856
Кировский;857
Кировский;858
Кировский;859
Кировский;860
Октябрьский;861
Куйбышевский;862
Октябрьский;863
Кировский;864
Кировский;865
Октябрьский;866
Куйбышевский;1883
Свердловский;1884
Октябрьский;1885
Свердловский;1886
Кировский;1887
Кировский;1888
Куйбышевский;1889
Куйбышевский;1890
Куйбышевский;1891
Кировский;1892
Кировский;1893
Куйбышевский;1894
Кировский;1895
Кировский;1896
Октябрьский;1897
Октябрьский;1898
Кировский;1899
Кировский;1900
Куйбышевский;1901
Куйбышевский;1902
Свердловский;1903
Кировский;1904
Октябрьский;1905
Кировский;1906
Кировский;1907
Октябрьский;1908
Свердловский;1909
Октябрьский;1910
Октябрьский;1911
Кировский;1912
за городом;1913
Свердловский;1914
Ленинский;1915
Октябрьский;1916
Кировский;1917
Октябрьский;1918
Свердловский;1919
Кировский;1920
Свердловский;1921
Кировский;1922
Свердловский;1923
Кировский;1924
Свердловский;1925
Октябрьский;1926
Кировский;1927
Октябрьский;1928
Свердловский;1929
Кировский;1930
Октябрьский;1931
Куйбышевский;1932
Октябрьский;1933
Кировский;1934
Куйбышевский;1935
Октябрьский;1936
Кировский;1937
Свердловский;1938
Октябрьский;1939
Кировский;1940
Свердловский;1941
Октябрьский;1942
Октябрьский;1943
Свердловский;1944
Свердловский;1945
Ленинский;1946
Кировский;1947
Свердловский;1948
Свердловский;1949
Свердловский;1950
Октябрьский;1951
Октябрьский;1952
Свердловский;1953
Кировский;1954
Октябрьский;1955
Свердловский;1956
Свердловский;1957
Октябрьский;1958
Куйбышевский;1959
Октябрьский;1960
Куйбышевский;1961
Кировский;1962
Ленинский;1963
за городом;1964
за городом;1965
Октябрьский;1966
Кировский;1967
Октябрьский;1968
Октябрьский;1969
Свердловский;1970
Кировский;1971
Кировский;1972
Свердловский;1973
Свердловский;1974
Кировский;1975
Свердловский;1976
Ленинский;1977
Октябрьский;1978
Ленинский;1979
Свердловский;1980
Октябрьский;1981
Октябрьский;1982
Октябрьский;1983
Октябрьский;1984
Свердловский;1985
за городом;1986
Свердловский;1987
Октябрьский;1988
Октябрьский;1989
Октябрьский;1990
Свердловский;1991
за городом;1992
за городом;1993
за городом;1994
Кировский;1995
Куйбышевский;1996
Кировский;1997
Кировский;1998
за городом;1999
Кировский;2000
Кировский;2002
Кировский;2003
Кировский;2005
Кировский;2009
Кировский;2010
Кировский;2011
Кировский;2014
Кировский;2016
Кировский;2018
Кировский;2023
Кировский;2024
Кировский;2025
Кировский;2026
Кировский;2030
Кировский;2031
Кировский;2032
Кировский;2036
Кировский;2038
Кировский;2039
Кировский;2040
Кировский;2041
Кировский;2047
Кировский;2048
Кировский;2050
Кировский;2051
Кировский;2052
Кировский;2053
Кировский;2054
Кировский;2056
Кировский;2058
Кировский;2059
Кировский;2060
Кировский;2061
Кировский;2063
Кировский;2070
Кировский;2074
Кировский;2081
Кировский;2086
Кировский;2091
Кировский;2102
Кировский;2103
Кировский;2105
Кировский;2110
Кировский;2112
Кировский;2115
Кировский;2120
Кировский;2123
Кировский;2128
Кировский;2129
Кировский;2132
Кировский;2133
Кировский;2137
Кировский;2154
Кировский;2173
Кировский;2182
Кировский;2188
Кировский;2192
Кировский;2200
Кировский;2202
Кировский;2207
Кировский;2209
Кировский;2212
Кировский;2217
Кировский;2219
Кировский;2220
Кировский;2221
Кировский;2223
Кировский;2236
Кировский;2237
Кировский;2238
Кировский;2239
Кировский;2242
Кировский;2243
Кировский;2245
Кировский;2247
Кировский;2249
Кировский;2250
Кировский;2251
Кировский;2252
Кировский;2260
Кировский;2263
Кировский;2265
Кировский;2267
Кировский;2268
Кировский;2269
Кировский;2270
Кировский;2271
Кировский;2277
Кировский;2278
Кировский;2282
Кировский;2285
Кировский;2293
Кировский;2294
Кировский;2296
Кировский;2302
Кировский;2318
Кировский;2325
Кировский;2333
Кировский;2336
Кировский;2338
Кировский;2351
Кировский;2354
Кировский;2359
Кировский;2362
Кировский;2367
Кировский;2375
Кировский;2384
Кировский;2385
Кировский;2394
Кировский;2395
Кировский;2402
Кировский;2413
Кировский;2426
Кировский;2441
Кировский;2443
Кировский;2445
Кировский;2447
Кировский;2448
Кировский;2453
Кировский;2457
Кировский;2461
Кировский;2462
Кировский;2466
Кировский;2468
Кировский;2478
Кировский;2485
Кировский;2486
Кировский;2488
Кировский;2490
Кировский;2491
Кировский;2493
Кировский;2498
Кировский;2499
Кировский;2503
Кировский;2506
Кировский;2510
Кировский;2512
Кировский;2513
Кировский;2516
Кировский;2518
Кировский;2520
Кировский;2521
Кировский;2524
Кировский;2527
Кировский;2530
Кировский;2534
Кировский;2535
Кировский;2536
Кировский;2537
Кировский;2538
Кировский;2540
Кировский;2541
Кировский;2544
Кировский;2545
Кировский;2547
Кировский;2556
Кировский;2561
Кировский;3572
Кировский;3575
Кировский;3577
Кировский;3578
Кировский;3581
Кировский;3583
Кировский;3584
Кировский;3585
Кировский;3590
Кировский;3592
Кировский;3593
Кировский;3596
Кировский;3601
Кировский;3602
Кировский;3604
Кировский;3605
Кировский;3607
Кировский;3609
Кировский;3610
Кировский;3611
Кировский;3612
Кировский;3613
Кировский;3614
Кировский;3615
Кировский;3618
Кировский;3622
Кировский;3626
Кировский;3631
Кировский;3632
Кировский;3640
Кировский;3646
Кировский;3649
Кировский;3650
Кировский;3652
Кировский;3660
Кировский;3669
Кировский;3671
Кировский;3674
Кировский;3676
Кировский;3678
Кировский;3682
Кировский;3683
Кировский;3689
Кировский;3690
Кировский;3692
Кировский;3695
Кировский;3698
Кировский;3699
Кировский;3700
Кировский;3701
Кировский;3703
Кировский;3708
Кировский;3710
Кировский;3727
Кировский;3749
Кировский;3751
Кировский;3752
Кировский;3756
Кировский;3757
Кировский;3758
Кировский;3759
Кировский;3760
Кировский;3761
Кировский;3762
Кировский;3763
Кировский;3764
Кировский;3765
Кировский;3767
Кировский;3768
Кировский;3769
Кировский;3771
Кировский;3773
Кировский;3776
Кировский;3778
Кировский;3781
Кировский;3782
Кировский;3784
Кировский;3785
Кировский;3786
Кировский;3788
Кировский;3789
Кировский;3790
Кировский;3791
Кировский;3792
Кировский;3794
Кировский;3795
Кировский;3796
Кировский;3798
Кировский;3800
Кировский;3807
Кировский;3809
Кировский;3810
Кировский;3811
Кировский;3812
Кировский;3813
Кировский;3814
Кировский;3818
Кировский;3819
Кировский;3820
Кировский;3821
Кировский;3823
Кировский;3827
Кировский;3829
Кировский;3830
Кировский;3831
Кировский;3836
Кировский;3837
Кировский;3840
Кировский;3845
Кировский;3852
Кировский;3858
Кировский;3859
Кировский;3860
Кировский;3861
Кировский;3865
Кировский;3868
Кировский;3869
Кировский;3870
Кировский;3871
Кировский;3872
Кировский;3874
Кировский;3875
Кировский;3883
Кировский;3896
Кировский;3898
Кировский;3899
Кировский;3900
Кировский;3901
Кировский;3902
Кировский;3903
Кировский;3904
Кировский;3909
Кировский;3916
Кировский;3918
Кировский;3920
Кировский;3923
Кировский;3924
Кировский;3926
Кировский;3927
Кировский;3928
Кировский;3929
Кировский;3930
Кировский;3931
Кировский;3932
Кировский;3933
Кировский;3934
Кировский;3938
Кировский;3942
Кировский;3944
Кировский;3946
Кировский;3947
Кировский;3948
Кировский;3955
Кировский;3956
Кировский;3957
Кировский;3959
Кировский;3960
Кировский;3962
Кировский;3965
Кировский;3969
Кировский;3970
Кировский;3973
Кировский;3974
Кировский;3982
Кировский;3984
Кировский;3985
Кировский;3986
Кировский;3988
Кировский;3989
Кировский;3990
Кировский;3992
Кировский;4002
Кировский;4003
Кировский;4004
Кировский;4005
Кировский;4006
Кировский;4007
Кировский;4008
Кировский;4009
Кировский;4011
Кировский;4012
Кировский;4013
Кировский;4014
Кировский;4016
Кировский;4018
Кировский;4019
Кировский;4026
Кировский;4029
Кировский;4031
Кировский;4032
Кировский;4033
Кировский;4034
Кировский;4035
Кировский;4037
Кировский;4038
Кировский;4039
Кировский;4040
Кировский;4041
Кировский;4042
Кировский;4043
Кировский;4044
Кировский;4045
Кировский;4046
Кировский;4047
Кировский;4048
Кировский;4049
Кировский;4050
Кировский;4052
Кировский;4053
Кировский;4054
Кировский;4055
Кировский;4056
Кировский;4057
Кировский;4058
Кировский;4060
Кировский;4062
Кировский;4063
Кировский;4064
Кировский;4065
Кировский;4067
Кировский;4068
Кировский;4069
Кировский;4070
Кировский;4071
Кировский;4072
Кировский;4073
Кировский;4074
Кировский;4075
Кировский;4076
Кировский;4077
Кировский;4078
Кировский;4079
Кировский;4081
Кировский;4082
Кировский;4083
Кировский;4084
Кировский;4085
Кировский;4088
Кировский;4089
Кировский;4091
Кировский;4098
Кировский;4099
Кировский;4100
Кировский;4102
Кировский;4103
Кировский;4104
Кировский;4105
Кировский;4106
Кировский;4108
Кировский;4110
Кировский;4111
Кировский;4112
Кировский;4113
Кировский;4114
Кировский;4115
Кировский;4116
Кировский;4122
Кировский;4123
Кировский;4124
Кировский;4125
Кировский;4126
Кировский;4159
Кировский;4160
Кировский;4162
Кировский;4163
Кировский;4164
Кировский;4165
Кировский;4166
Кировский;4168
Кировский;4173
Кировский;4174
Кировский;4175
Кировский;4176
Кировский;4177
Кировский;4178
Кировский;4179
Кировский;4185
Кировский;4186
Кировский;4187
Кировский;4189
Кировский;4191
Кировский;4192
Кировский;4193
Кировский;4194
Кировский;4195
Кировский;4198
Кировский;4199
Кировский;4201
Кировский;4202
Кировский;4203
Кировский;4204
Кировский;4205
Кировский;4206
Кировский;4207
Кировский;4208
Кировский;4209
Кировский;4210
Кировский;4211
Кировский;4212
Кировский;4213
Кировский;4215
Кировский;4216
Кировский;4217
Кировский;4218
Кировский;4220
Кировский;4221
Кировский;4222
Кировский;4223
Кировский;4228
Кировский;4229
Кировский;4230
Кировский;4233
Кировский;4237
Кировский;4238
Кировский;4239
Кировский;4240
Кировский;4241
Кировский;4245
Кировский;4246
Кировский;4247
Кировский;4249
Кировский;4250
Кировский;4251
Кировский;4253
Кировский;4254
Кировский;4255
Кировский;4256
Кировский;4257
Кировский;4258
Кировский;4267
Кировский;4268
Кировский;4269
Кировский;4270
Кировский;4271
Кировский;4272
Кировский;4273
Кировский;4275
Кировский;4276
Кировский;4278
Кировский;4280
Кировский;4281
Кировский;4282
Кировский;4283
Кировский;4284
Кировский;4298
Кировский;4299
Кировский;4300
Кировский;4301
Кировский;4302
Кировский;4303
Кировский;4309
Кировский;4329
Кировский;4330
Кировский;4331
Кировский;4332
Кировский;4333
Кировский;4334
Кировский;4338
Кировский;4339
Кировский;4347
Кировский;4348
Кировский;4381
Кировский;4382
Кировский;4410
Кировский;4411
Кировский;4412
Кировский;4413
Кировский;4415
Кировский;4416
Кировский;4417
Кировский;4418
Кировский;4420
Кировский;4421
Кировский;4422
Кировский;4423
Кировский;4427
Кировский;4428
Кировский;4429
Кировский;4431
Кировский;4432
Кировский;4433
Кировский;4434
Кировский;4435
Кировский;4436
Кировский;4437
Кировский;4438
Кировский;4439
Кировский;4440
Кировский;4444
Кировский;4451
Кировский;4452
Кировский;4453
Кировский;4454
Кировский;4455
Кировский;4456
Кировский;4457
Кировский;4459
Кировский;4461
Кировский;4467
Кировский;4471
Кировский;4473
Кировский;4474
Кировский;4475
Кировский;4481
Кировский;4482
Кировский;4483
Кировский;4484
Кировский;4485
Кировский;4486
Кировский;4487
Кировский;4491
Кировский;4492
Кировский;4493
Кировский;4494
Кировский;4495
Кировский;4496
Кировский;4497
Кировский;4498
Кировский;4502
Кировский;4514
Кировский;4519
Кировский;4532
Кировский;4541
Кировский;4542
Кировский;4543
Кировский;4550
Кировский;4551
Кировский;4582
Кировский;4587
Кировский;4591
Кировский;4598
Кировский;4599
Кировский;4600
Кировский;4610
Кировский;4613
Кировский;4624
Кировский;4625
Кировский;4626
Кировский;4627
Кировский;4628
Кировский;4630
Кировский;4634
Кировский;4635
Кировский;4636
Кировский;4637
Кировский;4638
Кировский;4639
Кировский;4640
Кировский;4641
Кировский;4649
Кировский;4652
Кировский;4656
Кировский;4657
Кировский;4658
Кировский;4659
Кировский;4660
Кировский;4661
Кировский;4672
Кировский;4704
Кировский;4706
Кировский;4707
Кировский;4708
Кировский;4723
Кировский;4724
Кировский;4725
Кировский;4726
Кировский;4728
Кировский;4729
Кировский;4730
Кировский;4731
Кировский;4735
Кировский;4736
Кировский;4737
Кировский;4761
Кировский;4762
Кировский;4764
Кировский;4776
Кировский;4780
Кировский;4782
Кировский;4786
Кировский;4787
Кировский;4788
Кировский;4789
Кировский;4790
Кировский;4791
Кировский;4795
Кировский;4801
Кировский;4802
Кировский;4803
Кировский;4805
Кировский;4806
Кировский;4813
Кировский;4815
Кировский;4816
Кировский;4826
Кировский;4828
Кировский;4831
Кировский;4840
Кировский;4841
Кировский;4842
Кировский;4850
Кировский;4851
Кировский;4861
Кировский;4938
Кировский;4940
Кировский;4948
Кировский;4952
Кировский;4964
Кировский;4978
Кировский;4979
Кировский;4980
Кировский;4987
Кировский;4999
Кировский;5002
Кировский;5007
Кировский;5015
Кировский;5018
Кировский;5019
Кировский;5020
Кировский;5026
Кировский;5030
Кировский;5033
Кировский;5036
Кировский;5051
Кировский;5055
Кировский;5060
Кировский;5067
Кировский;5087
Кировский;5107
Кировский;5130
Кировский;5133
Кировский;5139
Кировский;5147
Кировский;5157
Кировский;5163
Кировский;5170
Кировский;5182
Кировский;5183
Кировский;5203
Кировский;5206
Кировский;5216
Кировский;5217
Кировский;5227
Кировский;5229
Кировский;5243
Кировский;5250
Кировский;5251
Кировский;5256
Кировский;5257
Кировский;5262
Кировский;5265
Кировский;5267
Кировский;5271
Кировский;5272
Кировский;5273
Кировский;5274
Кировский;5275
Кировский;5276
Кировский;5279
Кировский;5281
Кировский;5282
Кировский;5286
Кировский;5291
Кировский;5299
Кировский;5300
Кировский;5312
Кировский;5325
Кировский;5331
Кировский;5332
Кировский;5333
Кировский;5336
Кировский;5338
Кировский;5339
Кировский;5340
Кировский;5341
Кировский;5342
Кировский;5349
Кировский;5352
Кировский;5358
Кировский;5359
Кировский;5366
Кировский;5370
Кировский;5373
Кировский;5381
Кировский;5387
Кировский;5400
Кировский;5407
Кировский;5410
Кировский;5412
Кировский;5420
Кировский;5424
Кировский;5426
Кировский;5432
Кировский;5433
Кировский;5434
Кировский;5436
Кировский;5437
Кировский;5438
Кировский;5440
Кировский;5441
Кировский;5443
Кировский;5444
Кировский;5447
Кировский;5448
Кировский;5454
Кировский;5466
Кировский;5467
Кировский;5471
Кировский;5472
Кировский;5475
Кировский;5476
Кировский;5480
Кировский;5487
Кировский;5490
Кировский;5494
Кировский;5504
Кировский;5511
Кировский;5514
Кировский;5516
Кировский;5525
Кировский;5531
Кировский;5545
Кировский;5557
Кировский;5560
Кировский;5562
Кировский;5569
Кировский;5577
Кировский;5579
Кировский;5585
Кировский;5597
Кировский;5600
Кировский;5603
Кировский;5604
Кировский;5607
Кировский;5612
Кировский;5616
Кировский;5618
Кировский;5619
Кировский;5620
Кировский;5621
Кировский;5622
Кировский;5623
Кировский;5626
Кировский;5627
Кировский;5630
Кировский;5635
Кировский;5642
Кировский;5662
Кировский;5667
Кировский;5683
Кировский;5694
Кировский;5698
Кировский;5704
Кировский;5717
Кировский;5737
Кировский;5773
Кировский;5778
Кировский;5812
Кировский;5826
Кировский;5860
Кировский;5869
Кировский;5879
Кировский;5886
Кировский;5909
Кировский;5911
Кировский;5913
Кировский;5914
Кировский;5935
Кировский;5953
Кировский;5969
Кировский;5973
Кировский;5982
Кировский;6012
Кировский;6014
Кировский;6032
Кировский;6033
Кировский;6041
Кировский;6065
Кировский;6084
Кировский;6092
Кировский;6096
Кировский;6102
Кировский;6106
Кировский;6117
Кировский;6119
Кировский;6138
Кировский;6139
Кировский;6143
Кировский;6161
Кировский;6166
Кировский;6171
Кировский;6200
Кировский;6211
Кировский;6243
Кировский;6245
Кировский;6246
Кировский;6250
Кировский;6258
Кировский;6306
Кировский;6310
Кировский;6313
Кировский;6316
Кировский;6324
Кировский;6325
Кировский;6331
Кировский;6336
Кировский;6337
Кировский;6339
Кировский;6341
Кировский;6342
Кировский;6351
Кировский;6353
Кировский;6359
Кировский;6367
Кировский;6368
Кировский;6370
Кировский;6378
Кировский;6382
Кировский;6388
Кировский;6391
Кировский;6392
Кировский;6394
Кировский;6395
Кировский;6398
Кировский;6399
Кировский;6401
Кировский;6402
Кировский;6404
Кировский;6406
Кировский;6408
Кировский;6409
Кировский;6411
Кировский;6412
Кировский;6413
Кировский;6414
Кировский;6415
Кировский;6416
Кировский;6417
Кировский;6418
Кировский;6419
Кировский;6420
Кировский;6421
Кировский;6422
Кировский;6423
Кировский;6426
Кировский;6427
Кировский;6435
Кировский;6437
Кировский;6443
Кировский;6446
Кировский;6450
Кировский;6451
Кировский;6454
Кировский;6455
Кировский;6457
Кировский;6465
Кировский;6470
Кировский;6471
Кировский;6490
Кировский;6496
Кировский;6498
Кировский;6515
Кировский;6518
Кировский;6521
Кировский;6523
Кировский;6524
Кировский;6534
Кировский;6535
Кировский;6538
Кировский;6546
Кировский;6554
Кировский;6572
Кировский;6593
Кировский;6603
Кировский;7570
Кировский;7571
Кировский;7594
Кировский;7599
Кировский;7609
Куйбышевский;2008
Куйбышевский;2013
Куйбышевский;2015
Куйбышевский;2017
Куйбышевский;2020
Куйбышевский;2022
Куйбышевский;2027
Куйбышевский;2029
Куйбышевский;2034
Куйбышевский;2037
Куйбышевский;2045
Куйбышевский;2055
Куйбышевский;2064
Куйбышевский;2067
Куйбышевский;2075
Куйбышевский;2080
Куйбышевский;2088
Куйбышевский;2093
Куйбышевский;2094
Куйбышевский;2101
Куйбышевский;2106
Куйбышевский;2124
Куйбышевский;2130
Куйбышевский;2134
Куйбышевский;2135
Куйбышевский;2136
Куйбышевский;2138
Куйбышевский;2155
Куйбышевский;2159
Куйбышевский;2165
Куйбышевский;2170
Куйбышевский;2174
Куйбышевский;2178
Куйбышевский;2179
Куйбышевский;2183
Куйбышевский;2198
Куйбышевский;2201
Куйбышевский;2206
Куйбышевский;2211
Куйбышевский;2216
Куйбышевский;2233
Куйбышевский;2259
Куйбышевский;2272
Куйбышевский;2307
Куйбышевский;2319
Куйбышевский;2322
Куйбышевский;2361
Куйбышевский;2376
Куйбышевский;2377
Куйбышевский;2381
Куйбышевский;2401
Куйбышевский;2408
Куйбышевский;2414
Куйбышевский;2415
Куйбышевский;2420
Куйбышевский;2432
Куйбышевский;2433
Куйбышевский;2464
Куйбышевский;2484
Куйбышевский;2505
Куйбышевский;2509
Куйбышевский;2546
Куйбышевский;2549
Куйбышевский;2551
Куйбышевский;2555
Куйбышевский;2566
Куйбышевский;3574
Куйбышевский;3576
Куйбышевский;3579
Куйбышевский;3580
Куйбышевский;3595
Куйбышевский;3599
Куйбышевский;3603
Куйбышевский;3606
Куйбышевский;3616
Куйбышевский;3621
Куйбышевский;3628
Куйбышевский;3635
Куйбышевский;3639
Куйбышевский;3641
Куйбышевский;3663
Куйбышевский;3672
Куйбышевский;3680
Куйбышевский;3681
Куйбышевский;3687
Куйбышевский;3691
Куйбышевский;3694
Куйбышевский;3736
Куйбышевский;3775
Куйбышевский;3777
Куйбышевский;3787
Куйбышевский;3793
Куйбышевский;3805
Куйбышевский;3808
Куйбышевский;3838
Куйбышевский;3839
Куйбышевский;3841
Куйбышевский;3847
Куйбышевский;3851
Куйбышевский;3854
Куйбышевский;3857
Куйбышевский;3873
Куйбышевский;3876
Куйбышевский;3887
Куйбышевский;3890
Куйбышевский;3891
Куйбышевский;3892
Куйбышевский;3893
Куйбышевский;3897
Куйбышевский;3921
Куйбышевский;3922
Куйбышевский;3939
Куйбышевский;3940
Куйбышевский;3941
Куйбышевский;3950
Куйбышевский;3967
Куйбышевский;3971
Куйбышевский;3981
Куйбышевский;3983
Куйбышевский;3997
Куйбышевский;4021
Куйбышевский;4023
Куйбышевский;4030
Куйбышевский;4086
Куйбышевский;4090
Куйбышевский;4133
Куйбышевский;4134
Куйбышевский;4135
Куйбышевский;4138
Куйбышевский;4153
Куйбышевский;4180
Куйбышевский;4181
Куйбышевский;4182
Куйбышевский;4183
Куйбышевский;4184
Куйбышевский;4197
Куйбышевский;4224
Куйбышевский;4234
Куйбышевский;4242
Куйбышевский;4252
Куйбышевский;4285
Куйбышевский;4286
Куйбышевский;4287
Куйбышевский;4288
Куйбышевский;4289
Куйбышевский;4290
Куйбышевский;4291
Куйбышевский;4292
Куйбышевский;4293
Куйбышевский;4294
Куйбышевский;4295
Куйбышевский;4316
Куйбышевский;4317
Куйбышевский;4336
Куйбышевский;4337
Куйбышевский;4358
Куйбышевский;4359
Куйбышевский;4362
Куйбышевский;4363
Куйбышевский;4365
Куйбышевский;4366
Куйбышевский;4368
Куйбышевский;4369
Куйбышевский;4370
Куйбышевский;4371
Куйбышевский;4392
Куйбышевский;4393
Куйбышевский;4394
Куйбышевский;4395
Куйбышевский;4396
Куйбышевский;4397
Куйбышевский;4398
Куйбышевский;4402
Куйбышевский;4405
Куйбышевский;4406
Куйбышевский;4407
Куйбышевский;4409
Куйбышевский;4460
Куйбышевский;4462
Куйбышевский;4465
Куйбышевский;4466
Куйбышевский;4468
Куйбышевский;4476
Куйбышевский;4477
Куйбышевский;4488
Куйбышевский;4489
Куйбышевский;4490
Куйбышевский;4504
Куйбышевский;4505
Куйбышевский;4506
Куйбышевский;4507
Куйбышевский;4508
Куйбышевский;4512
Куйбышевский;4513
Куйбышевский;4524
Куйбышевский;4525
Куйбышевский;4527
Куйбышевский;4528
Куйбышевский;4529
Куйбышевский;4531
Куйбышевский;4535
Куйбышевский;4536
Куйбышевский;4538
Куйбышевский;4539
Куйбышевский;4540
Куйбышевский;4544
Куйбышевский;4553
Куйбышевский;4554
Куйбышевский;4557
Куйбышевский;4563
Куйбышевский;4569
Куйбышевский;4576
Куйбышевский;4579
Куйбышевский;4614
Куйбышевский;4621
Куйбышевский;4623
Куйбышевский;4642
Куйбышевский;4651
Куйбышевский;4654
Куйбышевский;4662
Куйбышевский;4664
Куйбышевский;4666
Куйбышевский;4680
Куйбышевский;4681
Куйбышевский;4682
Куйбышевский;4683
Куйбышевский;4686
Куйбышевский;4687
Куйбышевский;4709
Куйбышевский;4710
Куйбышевский;4712
Куйбышевский;4714
Куйбышевский;4722
Куйбышевский;4734
Куйбышевский;4738
Куйбышевский;4753
Куйбышевский;4754
Куйбышевский;4755
Куйбышевский;4763
Куйбышевский;4770
Куйбышевский;4771
Куйбышевский;4773
Куйбышевский;4818
Куйбышевский;4822
Куйбышевский;4823
Куйбышевский;4824
Куйбышевский;4827
Куйбышевский;4829
Куйбышевский;4835
Куйбышевский;4836
Куйбышевский;4847
Куйбышевский;4856
Куйбышевский;4857
Куйбышевский;4942
Куйбышевский;4943
Куйбышевский;4945
Куйбышевский;4951
Куйбышевский;4961
Куйбышевский;4965
Куйбышевский;4969
Куйбышевский;4971
Куйбышевский;4976
Куйбышевский;4977
Куйбышевский;4981
Куйбышевский;4983
Куйбышевский;4984
Куйбышевский;4990
Куйбышевский;4994
Куйбышевский;4997
Куйбышевский;4998
Куйбышевский;5000
Куйбышевский;5003
Куйбышевский;5004
Куйбышевский;5005
Куйбышевский;5016
Куйбышевский;5024
Куйбышевский;5031
Куйбышевский;5048
Куйбышевский;5056
Куйбышевский;5088
Куйбышевский;5161
Куйбышевский;5164
Куйбышевский;5165
Куйбышевский;5168
Куйбышевский;5171
Куйбышевский;5195
Куйбышевский;5199
Куйбышевский;5202
Куйбышевский;5210
Куйбышевский;5212
Куйбышевский;5254
Куйбышевский;5301
Куйбышевский;5326
Куйбышевский;5365
Куйбышевский;5379
Куйбышевский;5388
Куйбышевский;5397
Куйбышевский;5403
Куйбышевский;5422
Куйбышевский;5427
Куйбышевский;5429
Куйбышевский;5445
Куйбышевский;5446
Куйбышевский;5450
Куйбышевский;5461
Куйбышевский;5463
Куйбышевский;5473
Куйбышевский;5505
Куйбышевский;5508
Куйбышевский;5510
Куйбышевский;5519
Куйбышевский;5520
Куйбышевский;5536
Куйбышевский;5537
Куйбышевский;5538
Куйбышевский;5547
Куйбышевский;5558
Куйбышевский;5561
Куйбышевский;5563
Куйбышевский;5566
Куйбышевский;5567
Куйбышевский;5570
Куйбышевский;5572
Куйбышевский;5591
Куйбышевский;5594
Куйбышевский;5606
Куйбышевский;5609
Куйбышевский;5611
Куйбышевский;5614
Куйбышевский;5624
Куйбышевский;5634
Куйбышевский;5636
Куйбышевский;5637
Куйбышевский;5641
Куйбышевский;5649
Куйбышевский;5656
Куйбышевский;5671
Куйбышевский;5672
Куйбышевский;5689
Куйбышевский;5699
Куйбышевский;5705
Куйбышевский;5746
Куйбышевский;5748
Куйбышевский;5750
Куйбышевский;5784
Куйбышевский;5803
Куйбышевский;5804
Куйбышевский;5810
Куйбышевский;5813
Куйбышевский;5824
Куйбышевский;5835
Куйбышевский;5839
Куйбышевский;5844
Куйбышевский;5850
Куйбышевский;5875
Куйбышевский;5877
Куйбышевский;5885
Куйбышевский;5904
Куйбышевский;5905
Куйбышевский;5907
Куйбышевский;5921
Куйбышевский;5931
Куйбышевский;5940
Куйбышевский;5949
Куйбышевский;5959
Куйбышевский;5966
Куйбышевский;5981
Куйбышевский;6000
Куйбышевский;6016
Куйбышевский;6036
Куйбышевский;6042
Куйбышевский;6067
Куйбышевский;6080
Куйбышевский;6095
Куйбышевский;6110
Куйбышевский;6137
Куйбышевский;6141
Куйбышевский;6153
Куйбышевский;6162
Куйбышевский;6173
Куйбышевский;6175
Куйбышевский;6182
Куйбышевский;6185
Куйбышевский;6189
Куйбышевский;6199
Куйбышевский;6212
Куйбышевский;6216
Куйбышевский;6234
Куйбышевский;6238
Куйбышевский;6240
Куйбышевский;6252
Куйбышевский;6259
Куйбышевский;6262
Куйбышевский;6267
Куйбышевский;6303
Куйбышевский;6307
Куйбышевский;6314
Куйбышевский;6322
Куйбышевский;6328
Куйбышевский;6330
Куйбышевский;6332
Куйбышевский;6349
Куйбышевский;6354
Куйбышевский;6372
Куйбышевский;6393
Куйбышевский;6397
Куйбышевский;6403
Куйбышевский;6428
Куйбышевский;6429
Куйбышевский;6431
Куйбышевский;6438
Куйбышевский;6439
Куйбышевский;6448
Куйбышевский;6456
Куйбышевский;6467
Куйбышевский;6468
Куйбышевский;6469
Куйбышевский;6478
Куйбышевский;6489
Куйбышевский;6499
Куйбышевский;6525
Куйбышевский;6526
Куйбышевский;6541
Куйбышевский;6552
Куйбышевский;6558
Куйбышевский;6580
Куйбышевский;6602
Куйбышевский;6606
Куйбышевский;7579
Куйбышевский;7589
Куйбышевский;7595
Ленинский;2021
Ленинский;2066
Ленинский;2079
Ленинский;2095
Ленинский;2099
Ленинский;2104
Ленинский;2227
Ленинский;2229
Ленинский;2232
Ленинский;2300
Ленинский;2312
Ленинский;2315
Ленинский;2328
Ленинский;2331
Ленинский;2345
Ленинский;2404
Ленинский;2428
Ленинский;2479
Ленинский;2557
Ленинский;2563
Ленинский;3608
Ленинский;3654
Ленинский;3657
Ленинский;3658
Ленинский;3665
Ленинский;3670
Ленинский;3673
Ленинский;3677
Ленинский;3702
Ленинский;3709
Ленинский;3716
Ленинский;3803
Ленинский;3824
Ленинский;3910
Ленинский;3911
Ленинский;3975
Ленинский;3994
Ленинский;3995
Ленинский;3996
Ленинский;3998
Ленинский;4001
Ленинский;4345
Ленинский;4349
Ленинский;4350
Ленинский;4351
Ленинский;4352
Ленинский;4353
Ленинский;4354
Ленинский;4355
Ленинский;4356
Ленинский;4357
Ленинский;4373
Ленинский;4374
Ленинский;4458
Ленинский;4503
Ленинский;4509
Ленинский;4510
Ленинский;4516
Ленинский;4520
Ленинский;4521
Ленинский;4522
Ленинский;4558
Ленинский;4574
Ленинский;4590
Ленинский;4602
Ленинский;4663
Ленинский;4665
Ленинский;4668
Ленинский;4684
Ленинский;4685
Ленинский;4740
Ленинский;4741
Ленинский;4749
Ленинский;4783
Ленинский;4784
Ленинский;4819
Ленинский;4867
Ленинский;4868
Ленинский;4869
Ленинский;4870
Ленинский;4871
Ленинский;4873
Ленинский;4874
Ленинский;4875
Ленинский;4878
Ленинский;4880
Ленинский;4882
Ленинский;4884
Ленинский;4885
Ленинский;4886
Ленинский;4889
Ленинский;4890
Ленинский;4892
Ленинский;4893
Ленинский;4934
Ленинский;4935
Ленинский;4939
Ленинский;4941
Ленинский;4949
Ленинский;4956
Ленинский;4962
Ленинский;4963
Ленинский;4966
Ленинский;4973
Ленинский;4975
Ленинский;4985
Ленинский;4986
Ленинский;4988
Ленинский;4989
Ленинский;4992
Ленинский;4993
Ленинский;4996
Ленинский;5008
Ленинский;5009
Ленинский;5010
Ленинский;5012
Ленинский;5017
Ленинский;5022
Ленинский;5023
Ленинский;5032
Ленинский;5074
Ленинский;5083
Ленинский;5091
Ленинский;5098
Ленинский;5104
Ленинский;5105
Ленинский;5119
Ленинский;5122
Ленинский;5123
Ленинский;5126
Ленинский;5140
Ленинский;5143
Ленинский;5144
Ленинский;5145
Ленинский;5148
Ленинский;5154
Ленинский;5205
Ленинский;5211
Ленинский;5221
Ленинский;5223
Ленинский;5314
Ленинский;5317
Ленинский;5322
Ленинский;5329
Ленинский;5337
Ленинский;5361
Ленинский;5369
Ленинский;5384
Ленинский;5389
Ленинский;5398
Ленинский;5406
Ленинский;5408
Ленинский;5451
Ленинский;5457
Ленинский;5458
Ленинский;5459
Ленинский;5481
Ленинский;5482
Ленинский;5488
Ленинский;5498
Ленинский;5502
Ленинский;5521
Ленинский;5529
Ленинский;5542
Ленинский;5550
Ленинский;5565
Ленинский;5583
Ленинский;5592
Ленинский;5593
Ленинский;5595
Ленинский;5613
Ленинский;5615
Ленинский;5628
Ленинский;5629
Ленинский;5638
Ленинский;5640
Ленинский;5660
Ленинский;5666
Ленинский;5669
Ленинский;5676
Ленинский;5681
Ленинский;5684
Ленинский;5687
Ленинский;5719
Ленинский;5730
Ленинский;5731
Ленинский;5745
Ленинский;5758
Ленинский;5771
Ленинский;5774
Ленинский;5793
Ленинский;5809
Ленинский;5815
Ленинский;5819
Ленинский;5846
Ленинский;5854
Ленинский;5856
Ленинский;5864
Ленинский;5876
Ленинский;5887
Ленинский;5896
Ленинский;5901
Ленинский;5903
Ленинский;5928
Ленинский;5939
Ленинский;5942
Ленинский;5958
Ленинский;5964
Ленинский;5987
Ленинский;5994
Ленинский;5999
Ленинский;6009
Ленинский;6011
Ленинский;6015
Ленинский;6023
Ленинский;6047
Ленинский;6051
Ленинский;6052
Ленинский;6066
Ленинский;6072
Ленинский;6082
Ленинский;6087
Ленинский;6091
Ленинский;6104
Ленинский;6109
Ленинский;6121
Ленинский;6123
Ленинский;6124
Ленинский;6134
Ленинский;6135
Ленинский;6142
Ленинский;6151
Ленинский;6152
Ленинский;6156
Ленинский;6157
Ленинский;6159
Ленинский;6163
Ленинский;6170
Ленинский;6179
Ленинский;6180
Ленинский;6188
Ленинский;6190
Ленинский;6191
Ленинский;6192
Ленинский;6193
Ленинский;6195
Ленинский;6201
Ленинский;6213
Ленинский;6215
Ленинский;6224
Ленинский;6225
Ленинский;6231
Ленинский;6239
Ленинский;6242
Ленинский;6251
Ленинский;6253
Ленинский;6256
Ленинский;6283
Ленинский;6284
Ленинский;6285
Ленинский;6286
Ленинский;6288
Ленинский;6289
Ленинский;6291
Ленинский;6293
Ленинский;6294
Ленинский;6295
Ленинский;6296
Ленинский;6297
Ленинский;6298
Ленинский;6299
Ленинский;6300
Ленинский;6301
Ленинский;6302
Ленинский;6320
Ленинский;6334
Ленинский;6347
Ленинский;6356
Ленинский;6358
Ленинский;6361
Ленинский;6362
Ленинский;6364
Ленинский;6373
Ленинский;6379
Ленинский;6384
Ленинский;6405
Ленинский;6424
Ленинский;6452
Ленинский;6453
Ленинский;6460
Ленинский;6461
Ленинский;6466
Ленинский;6476
Ленинский;6482
Ленинский;6501
Ленинский;6531
Ленинский;6543
Ленинский;6544
Ленинский;6549
Ленинский;6550
Ленинский;6551
Ленинский;6553
Ленинский;6556
Ленинский;6568
Ленинский;6598
Ленинский;6599
Ленинский;6600
Октябрьский;2001
Октябрьский;2004
Октябрьский;2006
Октябрьский;2012
Октябрьский;2028
Октябрьский;2033
Октябрьский;2046
Октябрьский;2057
Октябрьский;2062
Октябрьский;2065
Октябрьский;2072
Октябрьский;2078
Октябрьский;2082
Октябрьский;2083
Октябрьский;2087
Октябрьский;2090
Октябрьский;2092
Октябрьский;2097
Октябрьский;2100
Октябрьский;2119
Октябрьский;2121
Октябрьский;2122
Октябрьский;2125
Октябрьский;2126
Октябрьский;2127
Октябрьский;2139
Октябрьский;2140
Октябрьский;2142
Октябрьский;2146
Октябрьский;2151
Октябрьский;2160
Октябрьский;2161
Октябрьский;2166
Октябрьский;2168
Октябрьский;2169
Октябрьский;2175
Октябрьский;2177
Октябрьский;2184
Октябрьский;2189
Октябрьский;2191
Октябрьский;2193
Октябрьский;2194
Октябрьский;2205
Октябрьский;2208
Октябрьский;2215
Октябрьский;2218
Октябрьский;2222
Октябрьский;2235
Октябрьский;2240
Октябрьский;2241
Октябрьский;2244
Октябрьский;2248
Октябрьский;2253
Октябрьский;2254
Октябрьский;2256
Октябрьский;2257
Октябрьский;2261
Октябрьский;2262
Октябрьский;2264
Октябрьский;2266
Октябрьский;2275
Октябрьский;2276
Октябрьский;2279
Октябрьский;2280
Октябрьский;2283
Октябрьский;2284
Октябрьский;2286
Октябрьский;2287
Октябрьский;2289
Октябрьский;2290
Октябрьский;2291
Октябрьский;2292
Октябрьский;2295
Октябрьский;2297
Октябрьский;2299
Октябрьский;2301
Октябрьский;2303
Октябрьский;2305
Октябрьский;2306
Октябрьский;2308
Октябрьский;2311
Октябрьский;2314
Октябрьский;2317
Октябрьский;2320
Октябрьский;2321
Октябрьский;2323
Октябрьский;2326
Октябрьский;2327
Октябрьский;2330
Октябрьский;2337
Октябрьский;2341
Октябрьский;2343
Октябрьский;2344
Октябрьский;2348
Октябрьский;2349
Октябрьский;2352
Октябрьский;2356
Октябрьский;2357
Октябрьский;2360
Октябрьский;2363
Октябрьский;2368
Октябрьский;2380
Октябрьский;2382
Октябрьский;2386
Октябрьский;2390
Октябрьский;2391
Октябрьский;2393
Октябрьский;2396
Октябрьский;2399
Октябрьский;2403
Октябрьский;2405
Октябрьский;2406
Октябрьский;2409
Октябрьский;2410
Октябрьский;2416
Октябрьский;2417
Октябрьский;2423
Октябрьский;2424
Октябрьский;2429
Октябрьский;2435
Октябрьский;2436
Октябрьский;2438
Октябрьский;2439
Октябрьский;2440
Октябрьский;2442
Октябрьский;2444
Октябрьский;2446
Октябрьский;2450
Октябрьский;2454
Октябрьский;2455
Октябрьский;2456
Октябрьский;2458
Октябрьский;2459
Октябрьский;2460
Октябрьский;2463
Октябрьский;2465
Октябрьский;2467
Октябрьский;2469
Октябрьский;2471
Октябрьский;2472
Октябрьский;2473
Октябрьский;2474
Октябрьский;2475
Октябрьский;2476
Октябрьский;2480
Октябрьский;2481
Октябрьский;2483
Октябрьский;2492
Октябрьский;2494
Октябрьский;2502
Октябрьский;2508
Октябрьский;2511
Октябрьский;2514
Октябрьский;2517
Октябрьский;2519
Октябрьский;2522
Октябрьский;2525
Октябрьский;2531
Октябрьский;2532
Октябрьский;2533
Октябрьский;2562
Октябрьский;3569
Октябрьский;3570
Октябрьский;3571
Октябрьский;3573
Октябрьский;3582
Октябрьский;3587
Октябрьский;3588
Октябрьский;3591
Октябрьский;3594
Октябрьский;3597
Октябрьский;3600
Октябрьский;3619
Октябрьский;3630
Октябрьский;3633
Октябрьский;3636
Октябрьский;3637
Октябрьский;3638
Октябрьский;3642
Октябрьский;3643
Октябрьский;3645
Октябрьский;3661
Октябрьский;3675
Октябрьский;3693
Октябрьский;3697
Октябрьский;3705
Октябрьский;3707
Октябрьский;3711
Октябрьский;3720
Октябрьский;3724
Октябрьский;3728
Октябрьский;3729
Октябрьский;3735
Октябрьский;3737
Октябрьский;3738
Октябрьский;3739
Октябрьский;3742
Октябрьский;3745
Октябрьский;3748
Октябрьский;3750
Октябрьский;3770
Октябрьский;3774
Октябрьский;3779
Октябрьский;3797
Октябрьский;3801
Октябрьский;3802
Октябрьский;3804
Октябрьский;3806
Октябрьский;3816
Октябрьский;3817
Октябрьский;3822
Октябрьский;3825
Октябрьский;3832
Октябрьский;3834
Октябрьский;3835
Октябрьский;3842
Октябрьский;3843
Октябрьский;3844
Октябрьский;3846
Октябрьский;3849
Октябрьский;3853
Октябрьский;3855
Октябрьский;3856
Октябрьский;3862
Октябрьский;3864
Октябрьский;3866
Октябрьский;3867
Октябрьский;3877
Октябрьский;3878
Октябрьский;3880
Октябрьский;3881
Октябрьский;3882
Октябрьский;3885
Октябрьский;3888
Октябрьский;3894
Октябрьский;3906
Октябрьский;3914
Октябрьский;3917
Октябрьский;3919
Октябрьский;3935
Октябрьский;3936
Октябрьский;3943
Октябрьский;3953
Октябрьский;3954
Октябрьский;3958
Октябрьский;3961
Октябрьский;3964
Октябрьский;3980
Октябрьский;3987
Октябрьский;3991
Октябрьский;3999
Октябрьский;4000
Октябрьский;4010
Октябрьский;4015
Октябрьский;4017
Октябрьский;4020
Октябрьский;4025
Октябрьский;4027
Октябрьский;4036
Октябрьский;4066
Октябрьский;4087
Октябрьский;4092
Октябрьский;4093
Октябрьский;4094
Октябрьский;4096
Октябрьский;4097
Октябрьский;4117
Октябрьский;4118
Октябрьский;4119
Октябрьский;4120
Октябрьский;4121
Октябрьский;4127
Октябрьский;4128
Октябрьский;4129
Октябрьский;4130
Октябрьский;4131
Октябрьский;4132
Октябрьский;4136
Октябрьский;4137
Октябрьский;4139
Октябрьский;4140
Октябрьский;4141
Октябрьский;4142
Октябрьский;4143
Октябрьский;4144
Октябрьский;4145
Октябрьский;4146
Октябрьский;4147
Октябрьский;4150
Октябрьский;4167
Октябрьский;4169
Октябрьский;4170
Октябрьский;4171
Октябрьский;4172
Октябрьский;4188
Октябрьский;4261
Октябрьский;4262
Октябрьский;4264
Октябрьский;4274
Октябрьский;4296
Октябрьский;4297
Октябрьский;4304
Октябрьский;4305
Октябрьский;4308
Октябрьский;4310
Октябрьский;4311
Октябрьский;4312
Октябрьский;4313
Октябрьский;4314
Октябрьский;4315
Октябрьский;4341
Октябрьский;4343
Октябрьский;4344
Октябрьский;4346
Октябрьский;4375
Октябрьский;4376
Октябрьский;4377
Октябрьский;4379
Октябрьский;4380
Октябрьский;4404
Октябрьский;4408
Октябрьский;4426
Октябрьский;4430
Октябрьский;4441
Октябрьский;4442
Октябрьский;4445
Октябрьский;4446
Октябрьский;4447
Октябрьский;4448
Октябрьский;4449
Октябрьский;4450
Октябрьский;4463
Октябрьский;4469
Октябрьский;4470
Октябрьский;4478
Октябрьский;4479
Октябрьский;4480
Октябрьский;4499
Октябрьский;4511
Октябрьский;4517
Октябрьский;4523
Октябрьский;4526
Октябрьский;4564
Октябрьский;4565
Октябрьский;4566
Октябрьский;4567
Октябрьский;4573
Октябрьский;4575
Октябрьский;4585
Октябрьский;4589
Октябрьский;4615
Октябрьский;4616
Октябрьский;4618
Октябрьский;4631
Октябрьский;4632
Октябрьский;4633
Октябрьский;4643
Октябрьский;4644
Октябрьский;4645
Октябрьский;4647
Октябрьский;4648
Октябрьский;4650
Октябрьский;4655
Октябрьский;4667
Октябрьский;4669
Октябрьский;4673
Октябрьский;4697
Октябрьский;4698
Октябрьский;4705
Октябрьский;4732
Октябрьский;4733
Октябрьский;4739
Октябрьский;4742
Октябрьский;4743
Октябрьский;4744
Октябрьский;4746
Октябрьский;4758
Октябрьский;4760
Октябрьский;4765
Октябрьский;4772
Октябрьский;4774
Октябрьский;4775
Октябрьский;4779
Октябрьский;4792
Октябрьский;4793
Октябрьский;4794
Октябрьский;4799
Октябрьский;4804
Октябрьский;4807
Октябрьский;4808
Октябрьский;4809
Октябрьский;4810
Октябрьский;4830
Октябрьский;4832
Октябрьский;4833
Октябрьский;4834
Октябрьский;4837
Октябрьский;4838
Октябрьский;4839
Октябрьский;4844
Октябрьский;4845
Октябрьский;4846
Октябрьский;4848
Октябрьский;4849
Октябрьский;4862
Октябрьский;4863
Октябрьский;4864
Октябрьский;4931
Октябрьский;4933
Октябрьский;4936
Октябрьский;4944
Октябрьский;4946
Октябрьский;4947
Октябрьский;4950
Октябрьский;4953
Октябрьский;4957
Октябрьский;4960
Октябрьский;4967
Октябрьский;4982
Октябрьский;4991
Октябрьский;4995
Октябрьский;5001
Октябрьский;5013
Октябрьский;5014
Октябрьский;5025
Октябрьский;5027
Октябрьский;5028
Октябрьский;5029
Октябрьский;5035
Октябрьский;5038
Октябрьский;5039
Октябрьский;5041
Октябрьский;5042
Октябрьский;5047
Октябрьский;5053
Октябрьский;5054
Октябрьский;5062
Октябрьский;5071
Октябрьский;5072
Октябрьский;5075
Октябрьский;5079
Октябрьский;5089
Октябрьский;5090
Октябрьский;5092
Октябрьский;5096
Октябрьский;5115
Октябрьский;5116
Октябрьский;5118
Октябрьский;5120
Октябрьский;5121
Октябрьский;5127
Октябрьский;5128
Октябрьский;5132
Октябрьский;5135
Октябрьский;5138
Октябрьский;5141
Октябрьский;5142
Октябрьский;5150
Октябрьский;5156
Октябрьский;5158
Октябрьский;5160
Октябрьский;5166
Октябрьский;5172
Октябрьский;5174
Октябрьский;5175
Октябрьский;5181
Октябрьский;5193
Октябрьский;5194
Октябрьский;5196
Октябрьский;5197
Октябрьский;5213
Октябрьский;5228
Октябрьский;5230
Октябрьский;5232
Октябрьский;5234
Октябрьский;5236
Октябрьский;5238
Октябрьский;5239
Октябрьский;5248
Октябрьский;5249
Октябрьский;5252
Октябрьский;5255
Октябрьский;5258
Октябрьский;5260
Октябрьский;5261
Октябрьский;5263
Октябрьский;5268
Октябрьский;5269
Октябрьский;5270
Октябрьский;5278
Октябрьский;5280
Октябрьский;5284
Октябрьский;5287
Октябрьский;5288
Октябрьский;5290
Октябрьский;5292
Октябрьский;5293
Октябрьский;5295
Октябрьский;5296
Октябрьский;5297
Октябрьский;5298
Октябрьский;5302
Октябрьский;5303
Октябрьский;5304
Октябрьский;5307
Октябрьский;5308
Октябрьский;5309
Октябрьский;5313
Октябрьский;5315
Октябрьский;5318
Октябрьский;5319
Октябрьский;5320
Октябрьский;5327
Октябрьский;5328
Октябрьский;5334
Октябрьский;5344
Октябрьский;5345
Октябрьский;5346
Октябрьский;5347
Октябрьский;5348
Октябрьский;5350
Октябрьский;5351
Октябрьский;5353
Октябрьский;5356
Октябрьский;5357
Октябрьский;5360
Октябрьский;5362
Октябрьский;5363
Октябрьский;5367
Октябрьский;5368
Октябрьский;5375
Октябрьский;5377
Октябрьский;5380
Октябрьский;5383
Октябрьский;5385
Октябрьский;5386
Октябрьский;5391
Октябрьский;5394
Октябрьский;5395
Октябрьский;5402
Октябрьский;5404
Октябрьский;5409
Октябрьский;5413
Октябрьский;5414
Октябрьский;5415
Октябрьский;5419
Октябрьский;5425
Октябрьский;5428
Октябрьский;5431
Октябрьский;5435
Октябрьский;5439
Октябрьский;5452
Октябрьский;5453
Октябрьский;5460
Октябрьский;5468
Октябрьский;5469
Октябрьский;5470
Октябрьский;5474
Октябрьский;5477
Октябрьский;5489
Октябрьский;5492
Октябрьский;5493
Октябрьский;5495
Октябрьский;5497
Октябрьский;5499
Октябрьский;5500
Октябрьский;5509
Октябрьский;5517
Октябрьский;5518
Октябрьский;5522
Октябрьский;5524
Октябрьский;5526
Октябрьский;5528
Октябрьский;5532
Октябрьский;5533
Октябрьский;5539
Октябрьский;5540
Октябрьский;5543
Октябрьский;5546
Октябрьский;5548
Октябрьский;5549
Октябрьский;5554
Октябрьский;5559
Октябрьский;5574
Октябрьский;5576
Октябрьский;5580
Октябрьский;5584
Октябрьский;5588
Октябрьский;5596
Октябрьский;5599
Октябрьский;5602
Октябрьский;5617
Октябрьский;5625
Октябрьский;5644
Октябрьский;5646
Октябрьский;5647
Октябрьский;5648
Октябрьский;5651
Октябрьский;5652
Октябрьский;5653
Октябрьский;5654
Октябрьский;5655
Октябрьский;5658
Октябрьский;5663
Октябрьский;5664
Октябрьский;5670
Октябрьский;5678
Октябрьский;5688
Октябрьский;5690
Октябрьский;5691
Октябрьский;5692
Октябрьский;5693
Октябрьский;5695
Октябрьский;5697
Октябрьский;5702
Октябрьский;5703
Октябрьский;5706
Октябрьский;5708
Октябрьский;5709
Октябрьский;5712
Октябрьский;5713
Октябрьский;5716
Октябрьский;5718
Октябрьский;5721
Октябрьский;5722
Октябрьский;5723
Октябрьский;5726
Октябрьский;5727
Октябрьский;5729
Октябрьский;5736
Октябрьский;5740
Октябрьский;5741
Октябрьский;5742
Октябрьский;5743
Октябрьский;5747
Октябрьский;5749
Октябрьский;5752
Октябрьский;5753
Октябрьский;5760
Октябрьский;5761
Октябрьский;5762
Октябрьский;5763
Октябрьский;5764
Октябрьский;5765
Октябрьский;5767
Октябрьский;5768
Октябрьский;5769
Октябрьский;5770
Октябрьский;5772
Октябрьский;5779
Октябрьский;5782
Октябрьский;5783
Октябрьский;5786
Октябрьский;5789
Октябрьский;5790
Октябрьский;5791
Октябрьский;5794
Октябрьский;5795
Октябрьский;5797
Октябрьский;5800
Октябрьский;5801
Октябрьский;5802
Октябрьский;5805
Октябрьский;5807
Октябрьский;5814
Октябрьский;5818
Октябрьский;5821
Октябрьский;5825
Октябрьский;5827
Октябрьский;5828
Октябрьский;5830
Октябрьский;5831
Октябрьский;5833
Октябрьский;5836
Октябрьский;5837
Октябрьский;5838
Октябрьский;5840
Октябрьский;5841
Октябрьский;5847
Октябрьский;5851
Октябрьский;5852
Октябрьский;5853
Октябрьский;5857
Октябрьский;5873
Октябрьский;5874
Октябрьский;5878
Октябрьский;5881
Октябрьский;5888
Октябрьский;5889
Октябрьский;5891
Октябрьский;5892
Октябрьский;5893
Октябрьский;5899
Октябрьский;5900
Октябрьский;5902
Октябрьский;5906
Октябрьский;5908
Октябрьский;5910
Октябрьский;5915
Октябрьский;5922
Октябрьский;5923
Октябрьский;5924
Октябрьский;5925
Октябрьский;5926
Октябрьский;5929
Октябрьский;5930
Октябрьский;5932
Октябрьский;5933
Октябрьский;5937
Октябрьский;5938
Октябрьский;5941
Октябрьский;5944
Октябрьский;5952
Октябрьский;5956
Октябрьский;5957
Октябрьский;5961
Октябрьский;5962
Октябрьский;5965
Октябрьский;5972
Октябрьский;5975
Октябрьский;5978
Октябрьский;5980
Октябрьский;5983
Октябрьский;5986
Октябрьский;5988
Октябрьский;5989
Октябрьский;5990
Октябрьский;5995
Октябрьский;5996
Октябрьский;6001
Октябрьский;6002
Октябрьский;6008
Октябрьский;6010
Октябрьский;6013
Октябрьский;6024
Октябрьский;6026
Октябрьский;6027
Октябрьский;6028
Октябрьский;6030
Октябрьский;6034
Октябрьский;6040
Октябрьский;6045
Октябрьский;6049
Октябрьский;6053
Октябрьский;6055
Октябрьский;6056
Октябрьский;6058
Октябрьский;6060
Октябрьский;6063
Октябрьский;6068
Октябрьский;6069
Октябрьский;6070
Октябрьский;6071
Октябрьский;6075
Октябрьский;6081
Октябрьский;6083
Октябрьский;6085
Октябрьский;6086
Октябрьский;6090
Октябрьский;6093
Октябрьский;6097
Октябрьский;6100
Октябрьский;6103
Октябрьский;6105
Октябрьский;6111
Октябрьский;6112
Октябрьский;6122
Октябрьский;6127
Октябрьский;6129
Октябрьский;6131
Октябрьский;6133
Октябрьский;6136
Октябрьский;6144
Октябрьский;6146
Октябрьский;6148
Октябрьский;6149
Октябрьский;6155
Октябрьский;6158
Октябрьский;6172
Октябрьский;6176
Октябрьский;6183
Октябрьский;6204
Октябрьский;6205
Октябрьский;6206
Октябрьский;6208
Октябрьский;6210
Октябрьский;6214
Октябрьский;6217
Октябрьский;6218
Октябрьский;6219
Октябрьский;6226
Октябрьский;6227
Октябрьский;6228
Октябрьский;6230
Октябрьский;6235
Октябрьский;6236
Октябрьский;6241
Октябрьский;6244
Октябрьский;6247
Октябрьский;6249
Октябрьский;6254
Октябрьский;6255
Октябрьский;6257
Октябрьский;6260
Октябрьский;6263
Октябрьский;6266
Октябрьский;6269
Октябрьский;6270
Октябрьский;6275
Октябрьский;6276
Октябрьский;6277
Октябрьский;6278
Октябрьский;6279
Октябрьский;6280
Октябрьский;6281
Октябрьский;6292
Октябрьский;6304
Октябрьский;6308
Октябрьский;6311
Октябрьский;6317
Октябрьский;6321
Октябрьский;6326
Октябрьский;6327
Октябрьский;6329
Октябрьский;6335
Октябрьский;6340
Октябрьский;6350
Октябрьский;6365
Октябрьский;6371
Октябрьский;6375
Октябрьский;6376
Октябрьский;6377
Октябрьский;6381
Октябрьский;6383
Октябрьский;6396
Октябрьский;6410
Октябрьский;6425
Октябрьский;6432
Октябрьский;6433
Октябрьский;6434
Октябрьский;6436
Октябрьский;6444
Октябрьский;6447
Октябрьский;6458
Октябрьский;6459
Октябрьский;6464
Октябрьский;6472
Октябрьский;6473
Октябрьский;6474
Октябрьский;6477
Октябрьский;6479
Октябрьский;6481
Октябрьский;6486
Октябрьский;6487
Октябрьский;6488
Октябрьский;6491
Октябрьский;6492
Октябрьский;6493
Октябрьский;6494
Октябрьский;6497
Октябрьский;6500
Октябрьский;6502
Октябрьский;6503
Октябрьский;6504
Октябрьский;6505
Октябрьский;6506
Октябрьский;6508
Октябрьский;6509
Октябрьский;6510
Октябрьский;6511
Октябрьский;6512
Октябрьский;6516
Октябрьский;6519
Октябрьский;6522
Октябрьский;6527
Октябрьский;6528
Октябрьский;6530
Октябрьский;6536
Октябрьский;6537
Октябрьский;6542
Октябрьский;6547
Октябрьский;6559
Октябрьский;6560
Октябрьский;6562
Октябрьский;6565
Октябрьский;6566
Октябрьский;6569
Октябрьский;6574
Октябрьский;6579
Октябрьский;6581
Октябрьский;6585
Октябрьский;6590
Октябрьский;6591
Октябрьский;6592
Октябрьский;6601
Октябрьский;6604
Октябрьский;6609
Октябрьский;7569
Октябрьский;7590
Октябрьский;7592
Свердловский;2007
Свердловский;2019
Свердловский;2042
Свердловский;2043
Свердловский;2044
Свердловский;2049
Свердловский;2068
Свердловский;2069
Свердловский;2071
Свердловский;2073
Свердловский;2076
Свердловский;2084
Свердловский;2085
Свердловский;2089
Свердловский;2096
Свердловский;2098
Свердловский;2107
Свердловский;2108
Свердловский;2114
Свердловский;2118
Свердловский;2143
Свердловский;2144
Свердловский;2145
Свердловский;2147
Свердловский;2148
Свердловский;2149
Свердловский;2150
Свердловский;2152
Свердловский;2153
Свердловский;2157
Свердловский;2162
Свердловский;2163
Свердловский;2164
Свердловский;2167
Свердловский;2171
Свердловский;2172
Свердловский;2176
Свердловский;2180
Свердловский;2181
Свердловский;2185
Свердловский;2187
Свердловский;2190
Свердловский;2195
Свердловский;2196
Свердловский;2197
Свердловский;2199
Свердловский;2203
Свердловский;2204
Свердловский;2210
Свердловский;2214
Свердловский;2224
Свердловский;2225
Свердловский;2226
Свердловский;2228
Свердловский;2230
Свердловский;2231
Свердловский;2234
Свердловский;2246
Свердловский;2255
Свердловский;2258
Свердловский;2273
Свердловский;2281
Свердловский;2288
Свердловский;2309
Свердловский;2310
Свердловский;2313
Свердловский;2316
Свердловский;2329
Свердловский;2332
Свердловский;2334
Свердловский;2335
Свердловский;2339
Свердловский;2340
Свердловский;2342
Свердловский;2353
Свердловский;2355
Свердловский;2358
Свердловский;2366
Свердловский;2370
Свердловский;2372
Свердловский;2373
Свердловский;2374
Свердловский;2378
Свердловский;2379
Свердловский;2383
Свердловский;2387
Свердловский;2388
Свердловский;2389
Свердловский;2392
Свердловский;2398
Свердловский;2400
Свердловский;2411
Свердловский;2412
Свердловский;2418
Свердловский;2419
Свердловский;2421
Свердловский;2422
Свердловский;2425
Свердловский;2427
Свердловский;2430
Свердловский;2431
Свердловский;2434
Свердловский;2437
Свердловский;2452
Свердловский;2477
Свердловский;2482
Свердловский;2487
Свердловский;2489
Свердловский;2495
Свердловский;2496
Свердловский;2497
Свердловский;2500
Свердловский;2501
Свердловский;2504
Свердловский;2507
Свердловский;2515
Свердловский;2523
Свердловский;2526
Свердловский;2528
Свердловский;2529
Свердловский;2539
Свердловский;2542
Свердловский;2543
Свердловский;2548
Свердловский;2550
Свердловский;2552
Свердловский;2559
Свердловский;2565
Свердловский;2567
Свердловский;2568
Свердловский;3586
Свердловский;3589
Свердловский;3617
Свердловский;3624
Свердловский;3625
Свердловский;3634
Свердловский;3644
Свердловский;3647
Свердловский;3648
Свердловский;3651
Свердловский;3653
Свердловский;3655
Свердловский;3659
Свердловский;3662
Свердловский;3664
Свердловский;3666
Свердловский;3667
Свердловский;3668
Свердловский;3679
Свердловский;3684
Свердловский;3686
Свердловский;3688
Свердловский;3696
Свердловский;3704
Свердловский;3706
Свердловский;3713
Свердловский;3717
Свердловский;3719
Свердловский;3721
Свердловский;3722
Свердловский;3723
Свердловский;3726
Свердловский;3730
Свердловский;3731
Свердловский;3733
Свердловский;3734
Свердловский;3741
Свердловский;3744
Свердловский;3746
Свердловский;3747
Свердловский;3753
Свердловский;3754
Свердловский;3755
Свердловский;3766
Свердловский;3780
Свердловский;3815
Свердловский;3826
Свердловский;3833
Свердловский;3863
Свердловский;3884
Свердловский;3886
Свердловский;3889
Свердловский;3895
Свердловский;3905
Свердловский;3907
Свердловский;3912
Свердловский;3913
Свердловский;3915
Свердловский;3925
Свердловский;3949
Свердловский;3951
Свердловский;3952
Свердловский;3963
Свердловский;3968
Свердловский;3972
Свердловский;3977
Свердловский;3978
Свердловский;3979
Свердловский;4024
Свердловский;4028
Свердловский;4059
Свердловский;4061
Свердловский;4095
Свердловский;4101
Свердловский;4107
Свердловский;4148
Свердловский;4149
Свердловский;4151
Свердловский;4152
Свердловский;4154
Свердловский;4155
Свердловский;4156
Свердловский;4157
Свердловский;4158
Свердловский;4196
Свердловский;4200
Свердловский;4214
Свердловский;4225
Свердловский;4226
Свердловский;4227
Свердловский;4231
Свердловский;4232
Свердловский;4235
Свердловский;4236
Свердловский;4243
Свердловский;4244
Свердловский;4259
Свердловский;4263
Свердловский;4265
Свердловский;4266
Свердловский;4279
Свердловский;4307
Свердловский;4318
Свердловский;4319
Свердловский;4320
Свердловский;4321
Свердловский;4322
Свердловский;4323
Свердловский;4324
Свердловский;4325
Свердловский;4326
Свердловский;4327
Свердловский;4328
Свердловский;4340
Свердловский;4360
Свердловский;4361
Свердловский;4367
Свердловский;4372
Свердловский;4378
Свердловский;4383
Свердловский;4384
Свердловский;4385
Свердловский;4386
Свердловский;4387
Свердловский;4388
Свердловский;4389
Свердловский;4390
Свердловский;4399
Свердловский;4400
Свердловский;4401
Свердловский;4403
Свердловский;4414
Свердловский;4419
Свердловский;4424
Свердловский;4425
Свердловский;4464
Свердловский;4500
Свердловский;4515
Свердловский;4518
Свердловский;4537
Свердловский;4545
Свердловский;4546
Свердловский;4547
Свердловский;4548
Свердловский;4549
Свердловский;4552
Свердловский;4555
Свердловский;4556
Свердловский;4560
Свердловский;4561
Свердловский;4562
Свердловский;4568
Свердловский;4570
Свердловский;4571
Свердловский;4572
Свердловский;4577
Свердловский;4578
Свердловский;4580
Свердловский;4581
Свердловский;4583
Свердловский;4584
Свердловский;4586
Свердловский;4592
Свердловский;4593
Свердловский;4594
Свердловский;4595
Свердловский;4596
Свердловский;4597
Свердловский;4601
Свердловский;4603
Свердловский;4604
Свердловский;4605
Свердловский;4606
Свердловский;4607
Свердловский;4608
Свердловский;4609
Свердловский;4611
Свердловский;4612
Свердловский;4619
Свердловский;4620
Свердловский;4622
Свердловский;4629
Свердловский;4670
Свердловский;4671
Свердловский;4674
Свердловский;4676
Свердловский;4677
Свердловский;4678
Свердловский;4679
Свердловский;4688
Свердловский;4689
Свердловский;4690
Свердловский;4691
Свердловский;4692
Свердловский;4693
Свердловский;4699
Свердловский;4700
Свердловский;4701
Свердловский;4702
Свердловский;4703
Свердловский;4711
Свердловский;4713
Свердловский;4718
Свердловский;4719
Свердловский;4720
Свердловский;4721
Свердловский;4745
Свердловский;4747
Свердловский;4748
Свердловский;4750
Свердловский;4751
Свердловский;4752
Свердловский;4757
Свердловский;4759
Свердловский;4766
Свердловский;4767
Свердловский;4768
Свердловский;4769
Свердловский;4777
Свердловский;4778
Свердловский;4781
Свердловский;4796
Свердловский;4797
Свердловский;4798
Свердловский;4800
Свердловский;4811
Свердловский;4812
Свердловский;4817
Свердловский;4821
Свердловский;4825
Свердловский;4852
Свердловский;4853
Свердловский;4854
Свердловский;4855
Свердловский;4859
Свердловский;4860
Свердловский;4865
Свердловский;4866
Свердловский;4932
Свердловский;4955
Свердловский;4958
Свердловский;4968
Свердловский;4972
Свердловский;4974
Свердловский;5006
Свердловский;5034
Свердловский;5043
Свердловский;5050
Свердловский;5052
Свердловский;5058
Свердловский;5059
Свердловский;5061
Свердловский;5063
Свердловский;5065
Свердловский;5066
Свердловский;5070
Свердловский;5073
Свердловский;5076
Свердловский;5077
Свердловский;5081
Свердловский;5082
Свердловский;5084
Свердловский;5085
Свердловский;5086
Свердловский;5093
Свердловский;5094
Свердловский;5099
Свердловский;5100
Свердловский;5101
Свердловский;5102
Свердловский;5103
Свердловский;5106
Свердловский;5108
Свердловский;5109
Свердловский;5110
Свердловский;5111
Свердловский;5112
Свердловский;5113
Свердловский;5114
Свердловский;5117
Свердловский;5125
Свердловский;5129
Свердловский;5131
Свердловский;5134
Свердловский;5136
Свердловский;5137
Свердловский;5146
Свердловский;5149
Свердловский;5151
Свердловский;5153
Свердловский;5155
Свердловский;5159
Свердловский;5162
Свердловский;5167
Свердловский;5173
Свердловский;5176
Свердловский;5177
Свердловский;5178
Свердловский;5179
Свердловский;5192
Свердловский;5200
Свердловский;5204
Свердловский;5208
Свердловский;5209
Свердловский;5214
Свердловский;5215
Свердловский;5218
Свердловский;5219
Свердловский;5220
Свердловский;5222
Свердловский;5224
Свердловский;5233
Свердловский;5242
Свердловский;5253
Свердловский;5264
Свердловский;5266
Свердловский;5283
Свердловский;5285
Свердловский;5289
Свердловский;5294
Свердловский;5305
Свердловский;5310
Свердловский;5311
Свердловский;5323
Свердловский;5324
Свердловский;5330
Свердловский;5354
Свердловский;5371
Свердловский;5372
Свердловский;5374
Свердловский;5376
Свердловский;5378
Свердловский;5382
Свердловский;5390
Свердловский;5392
Свердловский;5396
Свердловский;5401
Свердловский;5405
Свердловский;5411
Свердловский;5416
Свердловский;5417
Свердловский;5423
Свердловский;5430
Свердловский;5442
Свердловский;5455
Свердловский;5456
Свердловский;5462
Свердловский;5464
Свердловский;5465
Свердловский;5484
Свердловский;5485
Свердловский;5486
Свердловский;5491
Свердловский;5496
Свердловский;5501
Свердловский;5506
Свердловский;5507
Свердловский;5512
Свердловский;5513
Свердловский;5523
Свердловский;5530
Свердловский;5534
Свердловский;5535
Свердловский;5551
Свердловский;5555
Свердловский;5564
Свердловский;5568
Свердловский;5571
Свердловский;5573
Свердловский;5575
Свердловский;5578
Свердловский;5587
Свердловский;5589
Свердловский;5590
Свердловский;5601
Свердловский;5605
Свердловский;5608
Свердловский;5631
Свердловский;5632
Свердловский;5633
Свердловский;5643
Свердловский;5645
Свердловский;5650
Свердловский;5659
Свердловский;5661
Свердловский;5665
Свердловский;5673
Свердловский;5674
Свердловский;5675
Свердловский;5677
Свердловский;5679
Свердловский;5680
Свердловский;5682
Свердловский;5685
Свердловский;5686
Свердловский;5701
Свердловский;5707
Свердловский;5710
Свердловский;5711
Свердловский;5714
Свердловский;5715
Свердловский;5720
Свердловский;5725
Свердловский;5728
Свердловский;5732
Свердловский;5734
Свердловский;5735
Свердловский;5738
Свердловский;5739
Свердловский;5744
Свердловский;5754
Свердловский;5755
Свердловский;5756
Свердловский;5757
Свердловский;5759
Свердловский;5766
Свердловский;5775
Свердловский;5776
Свердловский;5777
Свердловский;5781
Свердловский;5785
Свердловский;5787
Свердловский;5788
Свердловский;5792
Свердловский;5796
Свердловский;5798
Свердловский;5799
Свердловский;5806
Свердловский;5808
Свердловский;5811
Свердловский;5816
Свердловский;5817
Свердловский;5820
Свердловский;5822
Свердловский;5823
Свердловский;5829
Свердловский;5834
Свердловский;5842
Свердловский;5843
Свердловский;5845
Свердловский;5848
Свердловский;5849
Свердловский;5855
Свердловский;5858
Свердловский;5859
Свердловский;5862
Свердловский;5863
Свердловский;5865
Свердловский;5866
Свердловский;5867
Свердловский;5868
Свердловский;5870
Свердловский;5871
Свердловский;5872
Свердловский;5880
Свердловский;5882
Свердловский;5883
Свердловский;5884
Свердловский;5894
Свердловский;5895
Свердловский;5897
Свердловский;5898
Свердловский;5912
Свердловский;5916
Свердловский;5917
Свердловский;5918
Свердловский;5920
Свердловский;5927
Свердловский;5934
Свердловский;5936
Свердловский;5943
Свердловский;5945
Свердловский;5946
Свердловский;5950
Свердловский;5951
Свердловский;5954
Свердловский;5955
Свердловский;5960
Свердловский;5967
Свердловский;5968
Свердловский;5970
Свердловский;5971
Свердловский;5974
Свердловский;5976
Свердловский;5979
Свердловский;5984
Свердловский;5985
Свердловский;5991
Свердловский;5992
Свердловский;5993
Свердловский;5997
Свердловский;5998
Свердловский;6003
Свердловский;6005
Свердловский;6007
Свердловский;6017
Свердловский;6018
Свердловский;6020
Свердловский;6022
Свердловский;6025
Свердловский;6031
Свердловский;6037
Свердловский;6038
Свердловский;6039
Свердловский;6043
Свердловский;6044
Свердловский;6046
Свердловский;6048
Свердловский;6050
Свердловский;6054
Свердловский;6057
Свердловский;6059
Свердловский;6061
Свердловский;6062
Свердловский;6073
Свердловский;6074
Свердловский;6076
Свердловский;6077
Свердловский;6078
Свердловский;6079
Свердловский;6089
Свердловский;6094
Свердловский;6098
Свердловский;6099
Свердловский;6108
Свердловский;6113
Свердловский;6114
Свердловский;6115
Свердловский;6118
Свердловский;6120
Свердловский;6125
Свердловский;6126
Свердловский;6128
Свердловский;6130
Свердловский;6132
Свердловский;6140
Свердловский;6147
Свердловский;6154
Свердловский;6160
Свердловский;6164
Свердловский;6165
Свердловский;6167
Свердловский;6168
Свердловский;6177
Свердловский;6178
Свердловский;6184
Свердловский;6186
Свердловский;6187
Свердловский;6194
Свердловский;6196
Свердловский;6198
Свердловский;6202
Свердловский;6207
Свердловский;6209
Свердловский;6220
Свердловский;6221
Свердловский;6222
Свердловский;6223
Свердловский;6229
Свердловский;6233
Свердловский;6237
Свердловский;6248
Свердловский;6264
Свердловский;6265
Свердловский;6268
Свердловский;6271
Свердловский;6272
Свердловский;6273
Свердловский;6274
Свердловский;6282
Свердловский;6305
Свердловский;6309
Свердловский;6315
Свердловский;6319
Свердловский;6323
Свердловский;6338
Свердловский;6343
Свердловский;6346
Свердловский;6348
Свердловский;6352
Свердловский;6355
Свердловский;6357
Свердловский;6360
Свердловский;6363
Свердловский;6366
Свердловский;6369
Свердловский;6374
Свердловский;6380
Свердловский;6386
Свердловский;6387
Свердловский;6389
Свердловский;6390
Свердловский;6400
Свердловский;6407
Свердловский;6430
Свердловский;6440
Свердловский;6441
Свердловский;6445
Свердловский;6449
Свердловский;6475
Свердловский;6480
Свердловский;6483
Свердловский;6485
Свердловский;6495
Свердловский;6507
Свердловский;6513
Свердловский;6520
Свердловский;6529
Свердловский;6532
Свердловский;6533
Свердловский;6539
Свердловский;6540
Свердловский;6545
Свердловский;6555
Свердловский;6557
Свердловский;6561
Свердловский;6563
Свердловский;6564
Свердловский;6567
Свердловский;6570
Свердловский;6571
Свердловский;6573
Свердловский;6575
Свердловский;6576
Свердловский;6577
Свердловский;6578
Свердловский;6582
Свердловский;6583
Свердловский;6584
Свердловский;6586
Свердловский;6587
Свердловский;6589
Свердловский;6594
Свердловский;6595
Свердловский;6596
Свердловский;6597
Свердловский;6605
Свердловский;6607
Свердловский;6608
за городом;2035
за городом;2077
за городом;2109
за городом;2111
за городом;2113
за городом;2116
за городом;2117
за городом;2131
за городом;2156
за городом;2158
за городом;2186
за городом;2213
за городом;2274
за городом;2298
за городом;2304
за городом;2324
за городом;2346
за городом;2347
за городом;2350
за городом;2369
за городом;2371
за городом;2397
за городом;2407
за городом;2449
за городом;2451
за городом;2470
за городом;2553
за городом;2554
за городом;2558
за городом;2560
за городом;2564
за городом;2569
за городом;3620
за городом;3623
за городом;3629
за городом;3712
за городом;3715
за городом;3718
за городом;3725
за городом;3732
за городом;3740
за городом;3783
за городом;3848
за городом;3945
за городом;3976
за городом;4260
за городом;4342
за городом;4533
за городом;4534
за городом;4653
за городом;4694
за городом;4695
за городом;4696
за городом;4715
за городом;4716
за городом;4717
за городом;4820
за городом;4858
за городом;4876
за городом;4877
за городом;4879
за городом;4881
за городом;4883
за городом;4887
за городом;4888
за городом;4891
за городом;4894
за городом;4895
за городом;4896
за городом;4897
за городом;4898
за городом;4899
за городом;4900
за городом;4902
за городом;4903
за городом;4904
за городом;4905
за городом;4906
за городом;4907
за городом;4908
за городом;4909
за городом;4910
за городом;4911
за городом;4912
за городом;4913
за городом;4914
за городом;4915
за городом;4916
за городом;4917
за городом;4918
за городом;4919
за городом;4920
за городом;4921
за городом;4922
за городом;4923
за городом;4924
за городом;4925
за городом;4926
за городом;4927
за городом;4928
за городом;4929
за городом;4937
за городом;4954
за городом;4970
за городом;5021
за городом;5037
за городом;5044
за городом;5045
за городом;5046
за городом;5049
за городом;5057
за городом;5078
за городом;5097
за городом;5169
за городом;5184
за городом;5185
за городом;5186
за городом;5187
за городом;5188
за городом;5189
за городом;5190
за городом;5198
за городом;5201
за городом;5225
за городом;5231
за городом;5316
за городом;5321
за городом;5343
за городом;5355
за городом;5418
за городом;5515
за городом;5553
за городом;5556
за городом;5582
за городом;5586
за городом;5598
за городом;5657
за городом;5947
за городом;5963
за городом;6004
за городом;6019
за городом;6021
за городом;6029
за городом;6088
за городом;6101
за городом;6107
за городом;6150
за городом;6169
за городом;6181
за городом;6197
за городом;6287
за городом;6385
за городом;6442
за городом;6462
за городом;6463
за городом;6484
за городом;6514
за городом;6517
за городом;6548
за городом;6588
за городом;7591
